topic,keywords
Process Control,"MPC, reinforcement learning, digital twins, process optimisation, soft sensors"
Comminution & Flotation,"grinding circuits, coarse particle recovery, flotation physics, comminution energy"
Extractive Metallurgy,"hydrometallurgy, pyrometallurgy, bioleaching, solvent extraction, slag chemistry"
ESG & Policy,"social license to operate, critical minerals policy, circular economy, mine rehabilitation"
Waste & Tailings,"tailings valorization, red mud, acid mine drainage, dry stacking, life cycle assessment"
Mining AI,"predictive maintenance, deep learning in mining, rock mass classification, automated drilling"
Sustainability,"hydrogen metallurgy, green steel, low-carbon processing, battery recycling"